SET IDENTITY_INSERT [dbo].[Article_Table] ON 
GO
INSERT [dbo].[Article_Table] ([article_ID], [article_Board_C], [article_Author], [article_Title], [article_ReplyCount], [article_LikesCount], [article_BuildTime], [article_LastEdit], [article_Content]) VALUES (1, N'L0', 1, N'canmakeN70 玫瑰奶茶🌹', 2, 1, CAST(N'2023-02-06T12:31:56.843' AS DateTime), CAST(N'2023-02-06T12:50:18.173' AS DateTime), N'<div><span style="font-size: 1rem;">網路查查好看的粉色指甲油</span><br></div><div><div>看到canmake N70這個色整個燒起來🔥</div><div><br></div><div><img src="https://localhost:44308/AnselLib/ArticleImage/3.png"></div><div>（取用自官網圖片）</div><div>下班直接衝去買💗💗💗</div><div><br></div><div><img src="https://localhost:44308/AnselLib/ArticleImage/4.png"></div><div><br></div><div>不囉嗦 直接上圖～～～</div><div><br></div><div><img src="https://localhost:44308/AnselLib/ArticleImage/5.png"></div><div><br></div><div>是不是很美～～超顯白啊～～</div><div><br></div><div><img src="https://localhost:44308/AnselLib/ArticleImage/6.png"></div><div>跟官網的圖片比顏色更深一點點，</div><div>不知道是不是我塗了2層的關係<span style="white-space: pre;">	</span></div><div>但兩個都好美😚😚</div><div><br></div><div>感謝大家的觀看～</div><div>其實我同時買了一堆粉色🤣（失心瘋）</div><div>有機會再分享給大家～</div><div><br></div><div><img src="https://localhost:44308/AnselLib/ArticleImage/7.png"></div></div>')
GO
INSERT [dbo].[Article_Table] ([article_ID], [article_Board_C], [article_Author], [article_Title], [article_ReplyCount], [article_LikesCount], [article_BuildTime], [article_LastEdit], [article_Content]) VALUES (2, N'L0', 2, N'我在指甲上穿環了', 3, 2, CAST(N'2023-02-06T12:45:19.857' AS DateTime), CAST(N'2023-02-06T12:45:19.857' AS DateTime), N'<div>從3、4年前就每個月固定去幫指甲換漂亮衣服</div><div>兜兜轉轉遇到現在這位熱愛嘗試的美甲師</div><div>有一次在做凝膠的時候我無意間跟她說</div><div>我在ig滑到韓國一位美甲師的作品</div><div>她在指甲上穿環 我也想要 你有辦法做嗎</div><div>美甲師瞬間眼睛發光 跟我要照片</div><div><br></div><div><img src="https://localhost:44308/AnselLib/ArticleImage/1.png"></div><div>她說鑽洞沒有問題 要等她找看看有沒有合適的鉗子可以來用鐵環 於是我滿心期待她工具湊齊的那天</div><div>終於在某天她跟我說 OK 東西都準備好了下次來就可以做了</div><div>熬到換凝膠的那天 Do Re Mi So～～</div><div><br></div><div><img src="https://localhost:44308/AnselLib/ArticleImage/2.png"></div><div>鐵環會隨著手的動作而晃動</div><div>那個瞬間我真的覺得天啊好讚好喜歡RRRR</div><div><br></div><div>雖然很美(個人感觀) 但也有不少缺點</div><div>敲鍵盤的雖然都用指腹但還是會比平常吵</div><div>很容易勾到衣服毛巾任何織物品！！！</div><div>常常只是ㄏㄨㄟˊ過去就勾到了</div><div>還很容易刮傷身體</div><div>昨天我洗完澡出來手上就多出一條超長的抓痕</div><div>還以為是我家貓抓傷的 但仔細想想應該是手上的鐵環</div><div>但因為真的很喜歡這次的款式</div><div>所以以上的缺點我通通都可以忍受 (真愛無誤</div><div>反正想到一個月後就要說再見了就覺得好像又還好了 (嗯？</div><div>而且我做完跟朋友分享心中的喜悅時候才問她說</div><div>欸 這個款式公司應該不會說什麼吧…</div><div>朋友表示：都做完了 妳才擔心嗎！</div><div>但目前為止公司方面都沒有特別說什麼</div><div>我想應該是能平安渡過這一個月😂</div>')
GO
INSERT [dbo].[Article_Table] ([article_ID], [article_Board_C], [article_Author], [article_Title], [article_ReplyCount], [article_LikesCount], [article_BuildTime], [article_LastEdit], [article_Content]) VALUES (3, N'L0', 1, N'想看裸色晶石貓眼～', 0, 0, CAST(N'2023-02-06T12:58:53.120' AS DateTime), CAST(N'2023-02-06T12:58:53.120' AS DateTime), N'<div>下個月生日想做裸色晶石貓眼</div><div>類似這款 但找了很多都找不太到合適的美甲師</div><div>想做非常透亮 粉嫩的那種</div><div>想請各位推薦很會做這種款式的美甲師🤩</div><div>順便也想看看大家做的貓眼美甲</div><div><img src="https://localhost:44308/AnselLib/ArticleImage/8.png"></div>')
GO
INSERT [dbo].[Article_Table] ([article_ID], [article_Board_C], [article_Author], [article_Title], [article_ReplyCount], [article_LikesCount], [article_BuildTime], [article_LastEdit], [article_Content]) VALUES (4, N'L0', 3, N'重新體會有美甲的快樂', 1, 1, CAST(N'2023-02-06T13:01:00.883' AS DateTime), CAST(N'2023-02-06T13:01:00.883' AS DateTime), N'<div>不知道大家會不會有這種感覺，做了一陣子美甲會突然覺得好像有點倦怠，也不太知道下個月要換什麼款式，但過一段時間看到沒那麼好看的手手又會忍不住想做（笑</div><div>&nbsp;好啦反正，來曬一下2023的第一個新甲。&nbsp;</div><div>（也是小紅書上之前流行的）</div><div>（還原度也是很高｡⁠◕⁠‿⁠◕⁠｡ 我想就不需要再誇獎美甲師了）</div><div>（這次的指甲沒有留很長，長一點做起來會更好看！）</div><div><img src="https://localhost:44308/AnselLib/ArticleImage/9.png"></div><div><br></div><div><img src="https://localhost:44308/AnselLib/ArticleImage/10.png"></div>')
GO
INSERT [dbo].[Article_Table] ([article_ID], [article_Board_C], [article_Author], [article_Title], [article_ReplyCount], [article_LikesCount], [article_BuildTime], [article_LastEdit], [article_Content]) VALUES (5, N'L1', 3, N'徵單色手模～♡（台中逢甲近world gym!!）', 0, 0, CAST(N'2023-02-06T13:07:22.447' AS DateTime), CAST(N'2023-02-06T13:07:22.447' AS DateTime), N'<div>已上完全科班+持續進修中的美甲小菜鳥🥺</div><div>主要想增加速度、穩定度及精緻度，累積作品</div><div>高標準完美主義者請勿預約🚫🥲</div><div>麻煩請先看完以下內容❣️</div><div>❤️‍🔥滿10人+1開放表單❤️‍🔥</div><div><br></div><div>꒰ 徵10-20位單色造型手模 ꒱</div><div><br></div><div>ෆ⃛ 時間：2/13後 平日5:00後/假日全天</div><div><br></div><div>ෆ⃛ 地點：台中市西屯區逢甲附近（近西屯worldgym）</div><div>共享工作室（非居家工作室）</div><div><br></div><div>ෆ⃛ 施作項目：單色🌟免費（跳色+100）</div><div>卸甲🌟免費</div><div><br></div><div>ෆ⃛ 施作時間：3-4小時（卸甲+1小時）</div><div><br></div><div>ෆ⃛ 手模條件要求：</div><div>指甲長度需超過1.5公分&nbsp;</div><div>若為素甲，前端白色部分需保留長度修型</div><div>（填寫完表單後需私訊Ig傳圖審核）</div><div><br></div><div>ෆ⃛ 注意事項</div><div>⟢勿提前修剪指甲</div><div>⟢勿放鳥、勿遲到，取消請提前告知</div><div>⟢趕時間、不耐久坐、完美主義者請勿預約</div><div>⟢共享工作室勿攜伴</div><div>⟢剪甘皮可能會流血，但一定盡可能小心</div><div>⟢需配合拍照/追蹤ig，及後續追蹤指甲狀況</div><div>⟢需全程配戴口罩</div><div>⟢請勿攜帶食物，可攜帶飲料、水</div><div>⟢感冒咳嗽發燒等不適症狀請勿預約</div>')
GO
INSERT [dbo].[Article_Table] ([article_ID], [article_Board_C], [article_Author], [article_Title], [article_ReplyCount], [article_LikesCount], [article_BuildTime], [article_LastEdit], [article_Content]) VALUES (6, N'L1', 2, N'徵模特 2月份手模徵求(台北公館)', 2, 2, CAST(N'2023-02-06T13:11:24.987' AS DateTime), CAST(N'2023-02-06T13:11:24.987' AS DateTime), N'<div>大家好！我是斜槓新手美甲師～</div><div>2月想徵7位手模訓練精緻度跟速度🙋‍♀️</div><div>第一次發文如果有違反版規的地方請告知，會馬上修改！</div><div><br></div><div>⭐️請用卡稱留言+1，滿10人開放表單⭐️</div><div>————————————</div><div>『免費練習項目』</div><div>1.純前置保養</div><div>2.純卸甲+前置保養</div><div>3.單色凝膠</div><div><br></div><div>『其他收費項目』</div><div>跳一色+$50(以此類推)</div><div>造型款 450up(請先傳圖報價，如無法實現會先告知)</div><div><br></div><div>『操作時間』</div><div>卸甲/前置保養約1～1.5小時</div><div>單色約2.5小時</div><div>造型約4小時</div><div>(卸甲需加1～1.5小時)</div><div>新手速度慢請大家見諒🙏🙏</div><div><br></div><div>『地點』</div><div>台北捷運公館站附近(步行約5分鐘)</div><div>兩人工作室，預約成功會給詳細地址</div><div><br></div><div>『可預約時間』</div><div>平日1位，假日2位</div><div>2/13（一）14:30～19:30</div><div>2/20&nbsp; (一）14:30～19:30</div><div>2/24（五）14:30～19:30</div><div>2/25（六）10:00/13:00～20:00</div><div>2/26（日）10:0013:00～20:00</div><div><br></div><div>⚠️『注意事項』⚠️</div><div>•需配合拍照、追蹤IG及後續狀況追蹤</div><div>•謝絕病甲、嚴重咬甲，事先提供手部近照</div><div>•施作前勿剪指甲，請預留超過指肉0.2cm長 度</div><div>•目前無提供延甲、足部服務</div><div>•需配合久坐</div><div>•勿遲到，有狀況請提前聯絡或兩天前取消預約</div><div>•請預留時間勿安排緊湊行程</div><div>•共享工作室空間有限請勿攜伴(包含寵物)</div><div>•工作室不可飲食(水、飲料ok)</div><div>•完美主義者請繞道</div><div><br></div><div>附上近期作品</div><div><img src="https://localhost:44308/AnselLib/ArticleImage/11.png"></div><div><br></div><div><img src="https://localhost:44308/AnselLib/ArticleImage/12.png"></div><div><br></div><div><img src="https://localhost:44308/AnselLib/ArticleImage/13.png"></div>')
GO
INSERT [dbo].[Article_Table] ([article_ID], [article_Board_C], [article_Author], [article_Title], [article_ReplyCount], [article_LikesCount], [article_BuildTime], [article_LastEdit], [article_Content]) VALUES (7, N'L1', 1, N'徵求單色手模（新竹市）', 2, 1, CAST(N'2023-02-06T13:17:48.487' AS DateTime), CAST(N'2023-02-06T16:28:34.430' AS DateTime), N'<div>有上過全科班，也有進修過單色</div><div>但苦於朋友都有自己的美甲師，也不好意思一直讓朋友來給我練習，所以實際操作經驗很少😢</div><div>想徵求手模以練習精緻度、速度、累積作品</div><div>若有違反版規請告知會馬上修改！</div><div><br></div><div>【地點】</div><div>新竹市明湖路煙波飯店附近（沒有過煙波）</div><div>(居家工作室，預約成功後會提供詳細地址)</div><div>（門口可以停汽、機車）</div><div><br></div><div>【免費練習項目】</div><div>前置保養</div><div>單色凝膠（可跳一色）</div><div><br></div><div>【是否免費卸甲】</div><div>否，卸甲需要收費200元</div><div>（不卸鑽，卸甲前需先傳照片確認）</div><div><br></div><div><br></div><div>【時間】</div><div>約3~4小時</div><div>如需卸甲需要再加1~1.5小時</div><div>新手時期辛苦大家了🙏🏻🙏🏻</div><div><br></div><div>【可預約時間】</div><div>目前開放3、4月</div><div>因為還要上班</div><div>基本上只能選假日兩時段</div><div>10:00、15:00</div><div>［以下日期為特別時段］</div><div>3/4（六）14:00</div><div>3/19（日）沒有開放</div><div>3/25（六）沒有開放</div><div>4月連假沒有開放</div><div>4/16（日）沒有開放</div><div>4/23（日）沒有開放</div><div><br></div><div>【手模條件】</div><div>1.指甲超過指肉3mm以上的健康指甲</div><div>2.不接病甲、斷裂甲、摳甲、咬甲</div><div>3.配合拍照、追蹤IG、後續美甲狀況追蹤</div><div>4.耐久坐、不催促、不趕時間</div><div><br></div><div>【注意事項】</div><div>1.前置修剪甘皮可能會受傷流血,修剪時會很小心盡量避免此情況發生,很怕受傷請先不要預約唷</div><div>2.因為是住家工作室，入門配戴口罩，可以喝飲料，但垃圾要麻煩自行帶走唷</div><div>3.工作室是居家型工作室，會有其他家人，但施作地點在不同樓層，只有進門會遇到</div><div>4.新手操作時間比較久,需要耐久坐,也請大家吃飽再來才不會做到肚子太餓</div><div>5. 請不要攜伴及寵物</div><div>6.高標準、完美主義也請先不要預約</div><div>7.有事情可以跟我說要取消沒關係的，不要突然消失🥺超過20分鐘就直接取消了🥺</div><div><br></div><div>【作品】</div><div><img src="https://localhost:44308/AnselLib/ArticleImage/14.png"></div><div><br></div><div><img src="https://localhost:44308/AnselLib/ArticleImage/15.png"></div>')
GO
INSERT [dbo].[Article_Table] ([article_ID], [article_Board_C], [article_Author], [article_Title], [article_ReplyCount], [article_LikesCount], [article_BuildTime], [article_LastEdit], [article_Content]) VALUES (8, N'L1', 4, N'誠徵新竹竹北手部模特！', 0, 0, CAST(N'2023-02-06T13:24:49.757' AS DateTime), CAST(N'2023-02-06T13:24:49.757' AS DateTime), N'<div>小的來幫自己學生找手模練習啦～</div><div>地址在新竹竹北市 竹北火車站附近 步行3-5分鐘可以到</div><div>老師都會在旁邊指導 所以不用太擔心～!</div><div>-</div><div>請注意：是超新手練習🥺介意者勿預約！</div><div>屁股需扛得住久坐🙏🏼</div><div><br></div><div>【練習項目】甘皮清除、單色、建構。</div><div>【是否免費卸甲】無卸甲服務</div><div>【操作時間】 約3-5個小時</div><div>【可預約時間】雙方討論</div><div>【手/足模條件】🈲️公主病、勿攜伴⋯等等 會在表單內告知。</div><div>【注意事項】是「超新手」 介意者勿預約</div>')
GO
INSERT [dbo].[Article_Table] ([article_ID], [article_Board_C], [article_Author], [article_Title], [article_ReplyCount], [article_LikesCount], [article_BuildTime], [article_LastEdit], [article_Content]) VALUES (9, N'L1', 2, N'徵模特 桃園青埔 徵2月美甲手模', 4, 2, CAST(N'2023-02-06T13:31:20.240' AS DateTime), CAST(N'2023-02-06T13:31:20.240' AS DateTime), N'<div>徵手模目的為增加作品及單色操作精緻度</div><div>有興趣請用卡稱留言+1，滿10人開放表單✨</div><div><br></div><div>單色/簡易暈染/貓眼 皆免費.ᐟ.ᐟ</div><div>單色徵5人</div><div>暈染/貓眼 徵5人</div><div>造型則不限制</div><div><br></div><div>凝膠操作皆含前置及後續保養</div><div><br></div><div>【地點】機場捷運A19站，附近好停車</div><div>&nbsp; &nbsp; &nbsp; &nbsp; &nbsp; &nbsp; 目前暫於自宅，會在獨立房間施作</div><div>&nbsp; &nbsp; &nbsp; &nbsp; &nbsp; &nbsp; 偶有貓進出，請自行斟酌是否接受</div><div>【練習項目】單色/簡易暈染/貓眼&nbsp;</div><div>【費用】造型 $500</div><div>&nbsp; &nbsp; &nbsp; &nbsp; &nbsp; &nbsp; 卸甲 $200 （含鑽及延甲另加$100）</div><div>【操作時間】 約3小時，視造型複雜度</div><div>&nbsp; &nbsp; &nbsp; &nbsp; &nbsp; &nbsp; &nbsp; &nbsp; &nbsp; &nbsp;卸甲另加一小時</div><div>【可預約時間】2023/02</div><div>&nbsp; &nbsp; &nbsp; &nbsp; &nbsp; &nbsp; &nbsp; &nbsp; &nbsp; &nbsp; &nbsp;日期: 13/14/15/16/20/21/22/26/27</div><div>&nbsp; &nbsp; &nbsp; &nbsp; &nbsp; &nbsp; &nbsp; &nbsp; &nbsp; &nbsp; &nbsp;時間: 上午 09:00 下午 13:00 晚上 18:00&nbsp; （時間可微調）</div><div>【手/足模條件】</div><div>1. 只有手部凝膠</div><div>2. 不接病變甲，預約須傳送目前手部狀況照片</div><div>3. 男女皆可，男生平日只能週一及週五，週末不限</div><div>4. 須配合拍照，後續追蹤一週</div><div>5. 須追蹤IG及官方line帳號</div><div><br></div><div>【注意事項】</div><div>1. 勿攜伴</div><div>2. 不可吃東西，可以帶飲料，結束請帶走垃圾</div><div>3. 提供 Netflix 觀看</div><div><br></div><div>【作品集】</div><div><img src="https://localhost:44308/AnselLib/ArticleImage/16.png"></div><div><br></div><div><img src="https://localhost:44308/AnselLib/ArticleImage/17.png"></div><div><br></div><div><img src="https://localhost:44308/AnselLib/ArticleImage/18.png"></div>')
GO
INSERT [dbo].[Article_Table] ([article_ID], [article_Board_C], [article_Author], [article_Title], [article_ReplyCount], [article_LikesCount], [article_BuildTime], [article_LastEdit], [article_Content]) VALUES (10, N'L1', 4, N'徵模特 2月樹林區單色手模', 4, 5, CAST(N'2023-02-06T13:37:36.450' AS DateTime), CAST(N'2023-02-06T13:38:17.763' AS DateTime), N'<div>【地點】樹林高中附近(公寓住宅工作室)</div><div><br></div><div>【操作項目】</div><div><br></div><div>凝膠施作，包含前置、凝膠、建構</div><div>🔸裸色免費🔸</div><div>其他單色凝膠費用$200</div><div>（跳一色+50，貓眼、晶石+100）</div><div><br></div><div>🔸皆使用合格日本凝膠：presto、ageha、no8，破百種顏色可選</div><div><br></div><div>【是否免費卸甲】否</div><div>卸甲收費一指20$（不卸鑽類飾品）</div><div>【操作時間】『3～4小時』需耐久坐</div><div>建議預約後保留施作時間，後面不要安排其他事</div><div>【可預約時間】平日09點﹑14點、19點，假日09點、14點</div><div>聯絡時會提供可預約日期</div><div>【手模條件】</div><div>嚴禁咬指甲、灰指甲、手指有傷口、指甲病變</div><div>完全素甲，無指甲油和硬甲油</div><div>需留指甲超過2mm長度</div><div>（預約成功需先提供照片，施作前勿修剪指甲）</div><div><br></div><div>需追蹤ig 且發限時動態tag</div><div>改時間請於三日內告知，如果遲到超過『10分鐘』便取消預約</div><div>配合拍照，以及後續追蹤</div><div>住家工作室，請勿攜伴，禁止飲食，可喝水</div><div>（除喝水外請勿拿下口罩唷）</div><div>請注意禮貌，已讀不回、態度不佳者一律取消</div><div><br></div><div><br></div><div>⚠️若近日和確診者有接觸，請先不要預約唷</div><div><img src="https://localhost:44308/AnselLib/ArticleImage/19.png"></div><div><br></div><div><img src="https://localhost:44308/AnselLib/ArticleImage/20.png"></div>')
GO
INSERT [dbo].[Article_Table] ([article_ID], [article_Board_C], [article_Author], [article_Title], [article_ReplyCount], [article_LikesCount], [article_BuildTime], [article_LastEdit], [article_Content]) VALUES (11, N'L1', 1, N'徵單色手模#徵手模#免費手模#彰化二林', 0, 0, CAST(N'2023-02-06T13:45:05.773' AS DateTime), CAST(N'2023-02-06T13:45:05.773' AS DateTime), N'<div>剛上完全科班的超級新新新新手，需要提升速度、精緻度及增加作品集，前置保養可能會有水溝痕、流血、溢膠，但會儘量避免的！</div><div><br></div><div>有興趣再幫我留言+1 ～謝謝大家</div><div>📍地點：彰化縣二林鎮(離台中銀行約5分鐘車程，預約成功會給詳細地址)</div><div>▫️項目：前置保養+單色(顏色有限&nbsp;</div><div>可事先討論顏色)</div><div>◽️費用：免費(目前沒提供卸甲喔🙏)</div><div>◽️施作時間：4～5小時(還是新手施作時間可能會較久)</div><div>◽️可預約時間：</div><div>2/9 10:00、15:00</div><div>—————————————————————</div><div>💫手模條件</div><div>◽️🈲️病甲、咬甲、灰指甲皆不可預約施作</div><div>◽️施作前盡量不剪指甲🙏</div><div>◽️施作過程中有不適，可以馬上提出反應</div><div>◽️保養處理甘皮難免會小流血，過程中會儘量避免!!!!</div><div>◽️不可攜伴、不可吃東西(水飲料可以但垃圾要帶走)</div><div>◽️請勿遲到、爽約、需取消或更改時間請提前三天告知</div><div>◽️完成需配合拍照、後續請讓我追蹤指甲維持度～</div><div>◽️趕時間者、完美主義者請先PASS🙏</div><div><img src="https://localhost:44308/AnselLib/ArticleImage/21.png"></div>')
GO
INSERT [dbo].[Article_Table] ([article_ID], [article_Board_C], [article_Author], [article_Title], [article_ReplyCount], [article_LikesCount], [article_BuildTime], [article_LastEdit], [article_Content]) VALUES (12, N'L1', 3, N'徵模特 #西屯美甲#徵手模#美甲', 1, 1, CAST(N'2023-02-06T13:55:50.750' AS DateTime), CAST(N'2023-02-06T13:55:50.750' AS DateTime), N'<div>最近有點小忙回覆較慢</div><div>但是一定會回覆各位哦</div><div>仙女們～徵2-3月手模囉</div><div>非新手累積作品為主哦～</div><div><br></div><div>手模/足模/延甲</div><div><br></div><div>免費施作項目：</div><div>1.手部單色</div><div>2.前置保養 歡迎來免費保養</div><div><br></div><div>其餘酌收</div><div>跳色一色$200</div><div>延甲一指$50</div><div>足部單色$500</div><div>不挑款可挑色$500</div><div>帶圖款約$500-700</div><div>卸甲酌收$200</div><div><br></div><div>地點：西屯區</div><div>工作室有兩隻可愛貓貓介意或過敏者</div><div>請提前告知</div><div><br></div><div>時段：</div><div>1000/1300/1500/1800</div><div>其他時段可以溝通</div><div>約2-4小時 麻煩空出時間給我</div><div><br></div><div>手模須知：</div><div>1.健康指甲 不接病甲</div><div>2.預約前需傳手部照片確認✅</div><div>3配合拍照</div><div><br></div><div>使用留言+1</div><div><img src="https://localhost:44308/AnselLib/ArticleImage/22.png"></div><div><br></div><div><img src="https://localhost:44308/AnselLib/ArticleImage/23.png"></div><div><br></div><div><img src="https://localhost:44308/AnselLib/ArticleImage/24.png"></div>')
GO
INSERT [dbo].[Article_Table] ([article_ID], [article_Board_C], [article_Author], [article_Title], [article_ReplyCount], [article_LikesCount], [article_BuildTime], [article_LastEdit], [article_Content]) VALUES (14, N'L1', 2, N'徵2月桃園美甲手模｜單色｜前置保養', 0, 0, CAST(N'2023-02-06T14:06:32.963' AS DateTime), CAST(N'2023-02-06T14:06:32.963' AS DateTime), N'<div>大家好～</div><div>我來徵二月的模特啦🥰</div><div>主要想練施作速度 希望單色早日進入兩小時內🫣</div><div>目前前置比較緩慢 想保養手手的也很歡迎！</div><div><br></div><div>🎈地點：桃園區（近桃園火車站後站）</div><div><br></div><div>🎈時間：10:00、14:00、18:30</div><div>&nbsp; &nbsp; &nbsp; &nbsp; &nbsp; &nbsp; &nbsp;目前剩餘空檔多為平日喔！</div><div><br></div><div>🎈練習項目：1. 前置保養&nbsp; （1-1.5小時）</div><div>&nbsp; &nbsp; &nbsp; &nbsp; &nbsp; &nbsp; &nbsp; &nbsp; &nbsp; &nbsp;2. 單色（可跳一色）（3小時）</div><div>&nbsp; &nbsp;&nbsp;</div><div>&nbsp; &nbsp; &nbsp;前置保養含修型、修剪甘皮及兩側硬皮等</div><div>&nbsp; &nbsp; &nbsp;單色含前置保養、建構加厚</div><div>&nbsp; &nbsp; &nbsp;需卸甲酌收 250，不卸大鑽（時間+半小時）</div><div>&nbsp; &nbsp; &nbsp;如果想做造型同店內價（699起）</div><div><br></div><div><br></div><div>📍會以沒有來過的模特優先</div><div>📍請勿遲到，超過15分鐘自動取消</div><div>📍私人工作室請勿攜伴、勿攜帶寵物</div><div>📍禁止飲食（可以喝水），疫情期間保護你我</div><div>📍需耐久坐（尤其是凝膠～）</div><div>📍新手練習，完美主義者、趕時間者勿約🙏</div><div>&nbsp; &nbsp; 施作過程可能有受傷情況，會盡量避免</div><div>📍謝絕問題甲、病甲、斷裂甲</div><div>📍預約請勿自己剪指甲</div><div>&nbsp; &nbsp; 白邊需超過指肉0.2公分以上方便施作</div><div><img src="https://localhost:44308/AnselLib/ArticleImage/25.png"></div><div><br></div><div><img src="https://localhost:44308/AnselLib/ArticleImage/26.png"></div>')
GO
INSERT [dbo].[Article_Table] ([article_ID], [article_Board_C], [article_Author], [article_Title], [article_ReplyCount], [article_LikesCount], [article_BuildTime], [article_LastEdit], [article_Content]) VALUES (15, N'L1', 1, N'徵模特 #徵手模#高雄市苓雅區#免費前置+單色#練習精緻度', 0, 0, CAST(N'2023-02-06T14:10:57.600' AS DateTime), CAST(N'2023-02-06T16:28:01.770' AS DateTime), N'<div>【地點】高雄市苓雅區（私宅工作室）</div><div>【練習項目】前置+單色（練速度精緻度</div><div>【是否免費卸甲】否，卸甲收費200元</div><div>【操作時間】3-4小時</div><div>【可預約時間】3月10號以後（已開放表單</div><div>【手模條件】無提供足部、延甲及病甲的服務，須預留3-5mm指甲長度</div><div>⚠️注意事項⚠️</div><div>🔗新手美甲師，家中有寵物貓狗，害怕者勿約，完美主義者勿預約</div><div>🔗無提供足部、延甲及病甲的服務，須預留3-5mm指甲長度</div><div>🔗需配合久坐，建議勿空腹前來，可以帶飲料、有WIFI、NETFLIX</div><div>🔗前置保養修剪甘皮可能會受傷，會盡量避免</div><div>🔗會以IG私訊確認狀態，請確認陌生訊息，超過12小時未回覆訊息視同放棄哦！</div><div>🔗預約成功請準時，互相尊重彼此的時間，請勿遲到或不來</div><div>🔗預約確認成功不接受更改時間呦，臨時不克前來請提前3天取消，預約完成後續行程請配合勿安排緊湊</div><div>🔗請配戴口罩，勿攜伴</div><div>🔗會珍惜且認真對待每位手模，操作過程中有任何不舒服都可以直接溝通</div><div>🔗需配合之後拍照追蹤</div><div>🔗超過10位以上開表單</div><div><br></div><div>以下為作品集</div><div><br></div><div><img src="https://localhost:44308/AnselLib/ArticleImage/27.png"></div><div><br></div><div><img src="https://localhost:44308/AnselLib/ArticleImage/28.png"></div><div><br></div><div><img src="https://localhost:44308/AnselLib/ArticleImage/29.png"></div><div><br></div><div>歡迎各位水水前來❤️❤️❤️❤️<br></div>')
GO
INSERT [dbo].[Article_Table] ([article_ID], [article_Board_C], [article_Author], [article_Title], [article_ReplyCount], [article_LikesCount], [article_BuildTime], [article_LastEdit], [article_Content]) VALUES (17, N'L1', 4, N'徵手模 近捷運忠孝復興站一號出口附近', 0, 0, CAST(N'2023-02-06T14:17:03.330' AS DateTime), CAST(N'2023-02-06T14:17:03.330' AS DateTime), N'<div>大家好~</div><div>祝大家新年快樂⋆｡˚☆✩˚｡⋆</div><div>這個月是繼續練習延甲跟法式</div><div>會以延甲為主，延甲後的款式會以法式為主，有其他想法或問題可以現場討論</div><div>希望大家後面不要安排行程 因為延甲非常花時間🥲</div><div>超過10位會開估狗表單</div><div><br></div><div>地點：近捷運忠孝復興站一號出口</div><div>日期：02/07 11：00&nbsp;</div><div>&nbsp; &nbsp; &nbsp; &nbsp; &nbsp;02/14 11：00&nbsp;</div><div>&nbsp; &nbsp; &nbsp; &nbsp; &nbsp;02/20 11：00&nbsp;</div><div>&nbsp; &nbsp; &nbsp; &nbsp; &nbsp;02/28 11：00&nbsp;</div><div><br></div><div>練習項目：含基礎保養以及練習項目</div><div>費用：免費</div><div>卸甲：免費（需提前告知、不卸大鑽等的立體飾品）</div><div>施作時間：‼️約4-6小時‼️</div><div><br></div><div>手模條件：1.甲長需超過甲肉至少3mm的健康甲</div><div>&nbsp; &nbsp; &nbsp; &nbsp; &nbsp; &nbsp; &nbsp; &nbsp;2.禁病甲、手部有傷口、咬甲、摳甲</div><div>&nbsp; &nbsp; &nbsp; &nbsp; &nbsp; &nbsp; &nbsp; &nbsp;3.施作完畢需配合拍照、追蹤ig並標註</div><div>&nbsp; &nbsp; &nbsp; &nbsp; &nbsp; &nbsp; &nbsp; &nbsp;4.需配合追蹤維持度及回傳指甲的生活照</div><div><br></div><div>注意事項：</div><div>1.不可攜伴、趕時間</div><div>2.表單填寫完請留意IG陌生訊息！</div><div>3.預約不成功不會另行通知</div><div>4.免費項目，拒絕公主病、完美主義者</div><div>5.請用卡稱+1留言</div><div>6.款式依照當天需要練習的款式優先，很有想法或者無法接受不挑款的請三思</div><div><br></div><div>作品分享</div><div>（僅為分享不代表當天施作款式）</div><div><br></div><div><img src="https://localhost:44308/AnselLib/ArticleImage/30.png"></div><div><br></div><div><img src="https://localhost:44308/AnselLib/ArticleImage/31.png"></div>')
GO
INSERT [dbo].[Article_Table] ([article_ID], [article_Board_C], [article_Author], [article_Title], [article_ReplyCount], [article_LikesCount], [article_BuildTime], [article_LastEdit], [article_Content]) VALUES (18, N'L1', 2, N'2、3月延甲手模 #中壢平鎮', 0, 0, CAST(N'2023-02-06T14:20:47.197' AS DateTime), CAST(N'2023-02-06T14:20:47.197' AS DateTime), N'<div>2、3月份手模來嘍！這次是練習延甲</div><div>裂甲補甲、歐美長甲、想延甲的都歡迎👏🏻</div><div>🈵️10+1會開放表單請各位填寫</div><div>「限12位」</div><div>⚠️時段有調整請各位水水注意🥹</div><div><br></div><div>時間：2、3月手模</div><div>地點：中壢平鎮</div><div>近民族路新屋交流道</div><div>（預約成功IG會給正確位子）</div><div>免費項目：前置➕延甲十隻</div><div>施作時間：4-4.5小時（卸甲+30分鐘）</div><div>❗️卸甲+$200(大鑽另計費用)</div><div>❗️單/跳色+$200</div><div>❗️供圖+$599</div><div>（不接複雜漫畫、卡通、鑽飾）</div><div>*不想延甲，直接加購單色、款式也可🥰</div><div>*可討論延長長度</div><div>*環境舒適</div><div>*一樓個人工作室</div><div>*修剪甘皮適當不過度，以不流血為主</div><div>*有提供平板可以看Netflix 呦！</div><div><br></div><div>預約時段👇🏻（時間可私下微調）</div><div>2/13 10:00</div><div>2/16 10:00</div><div>2/18 15:00</div><div>2/22 9:00 14:30 19:30</div><div>2/27 9:00 14:30 19:30</div><div>————————————</div><div>3/1 9:00 14:30 19:30</div><div>3/5 9:00 14:30 19:30</div><div>3/8 9:00 14:30 19:30</div><div>3/14 9:00 14:30 19:30</div><div>3/16 9:00 14:30 19:30</div><div>3/20 9:00 14:30 19:30</div><div>3/22 9:00 14:30 19:30</div><div><br></div><div>🫶🏼手模條件🫶🏼</div><div>#病甲請勿預約</div><div>#可提供2～3個時段方便快速預約</div><div>#建議留指甲長度約2mm，方便操作</div><div>#請公開帳號，勿小帳</div><div>#趕時間、完美主義者請勿預約</div><div>#需配合作品拍照並配合後續追蹤</div><div>#預約保留遲到超過15分鐘直接取消</div><div>#請勿臨時取消及放鳥</div><div>（取消請提前3日告知）</div><div>#勿攜伴、飲食</div><div>附上近期作品</div><div>前三張是延甲～</div><div><br></div><div><img src="https://localhost:44308/AnselLib/ArticleImage/32.png"></div><div><br></div><div><img src="https://localhost:44308/AnselLib/ArticleImage/33.png"></div>')
GO
INSERT [dbo].[Article_Table] ([article_ID], [article_Board_C], [article_Author], [article_Title], [article_ReplyCount], [article_LikesCount], [article_BuildTime], [article_LastEdit], [article_Content]) VALUES (19, N'L1', 4, N'徵手模 #徵大量手模#新北板橋#免費單色', 0, 1, CAST(N'2023-02-06T14:39:22.503' AS DateTime), CAST(N'2023-02-06T14:39:22.503' AS DateTime), N'<div>新手美甲師 徵大量手模練習速度和增加作品集</div><div><br></div><div>📍地點：新北市板橋區（住宅工作室）</div><div>預約成功後給地址</div><div><br></div><div>▫️免費練習項目：前置保養/單色凝膠/簡單造型&nbsp;</div><div>🕖時間請保留3～4小時</div><div><br></div><div>▫️是否免費卸甲：否 需卸甲$200</div><div><br></div><div>▫️其他收費項目：跳色+$50/款式（款式需提前傳圖討論 無法達成的款式才能提前告知 避免造成你我的困擾）</div><div><br></div><div>▫️無延甲、足部服務</div><div><br></div><div>▫️有隻🐱 會害怕的請提前告知</div><div><br></div><div>▫️手模條件：</div><div>1.不接病甲、咬甲、受傷</div><div>2.指甲需過肉2mm(先拍照確認是否能操作）</div><div>3. 需配合拍照、追蹤IG、標記美甲帳號 限時動態分享滿24小時</div><div>4.需久坐 不趕時間</div><div>5. 禁止攜伴、帶寵物、飲食(喝水和飲料可以）</div><div>6.高標準 完美主義者 請勿預約</div><div><br></div><div>❗️施作過程可能會不小心流血（會儘量避免小心！） 可接受在預約</div><div>❗️施作過程有任何不舒服可以馬上反應 讓我知道哪裡做的不夠好</div><div>❗️預約成功後請勿遲到、超過10分鐘直接取消</div><div><br></div><div>預約日期📅</div><div>2/7 15:00/19:00</div><div>2/8 15:00/19:00</div><div>2/9 15:00/19:00</div><div>2/14 15:00/19:00</div><div>2/15 15:00/19:00</div><div>2/17 15:00/19:00</div><div>2/21 15:00/19:00</div><div>2/22 15:00/19:00</div><div>2/23 15:00/19:00</div><div>2/24 15:00/19:00</div><div><br></div><div><img src="https://localhost:44308/AnselLib/ArticleImage/34.png"></div><div><br></div><div><img src="https://localhost:44308/AnselLib/ArticleImage/35.png"></div><div><br></div><div><img src="https://localhost:44308/AnselLib/ArticleImage/36.png"></div>')
GO
INSERT [dbo].[Article_Table] ([article_ID], [article_Board_C], [article_Author], [article_Title], [article_ReplyCount], [article_LikesCount], [article_BuildTime], [article_LastEdit], [article_Content]) VALUES (20, N'L2', 1, N'想看裸色晶石貓眼～', 0, 0, CAST(N'2023-02-06T16:25:57.387' AS DateTime), CAST(N'2023-02-06T16:26:09.797' AS DateTime), N'123456789<div>12</div><div>12</div>')
GO
INSERT [dbo].[Article_Table] ([article_ID], [article_Board_C], [article_Author], [article_Title], [article_ReplyCount], [article_LikesCount], [article_BuildTime], [article_LastEdit], [article_Content]) VALUES (24, N'L1', 6, N'徵手模 台中 2月*保養+隨我創作', 7, 4, CAST(N'2023-02-07T02:20:15.037' AS DateTime), CAST(N'2023-02-07T02:21:38.870' AS DateTime), N'<div><span style="font-size: 1rem;">🔶地點：</span><br></div><div>台中沙鹿-弘光靜宜附近（居家工作室</div><div>會有貓星人來求關注，怕貓貓者請不要約喔！</div><div>🔶練習項目：前置保養+隨我創作（一定會出現透色或漸層）</div><div>可以告知絕對無法接受的東西ex.大型飾品、亮粉、凹凸等等）</div><div>很有自己想法、不喜歡未知感或較保守的女孩就不太適合喔～～～</div><div>🔶卸甲：收費$200（不卸鑽、水晶延甲）</div><div>🔶時間：</div><div>2/9 10:00</div><div>2/12 9:00</div><div>2/14 10:00</div><div>2/17 9:00</div><div>2/23 10:00</div><div>🔸手模條件跟注意事項：</div><div>之前沒有來過的手模優先～🫶</div><div>1.指甲需超過指肉，預約時需提供手部近照</div><div>（不接超短甲、病甲、嚴重飛甲）</div><div>2.新手施作時間較長，可久坐者再報名喔！</div><div>（時間約3-3.5小時，若要卸甲再+1小時）</div><div>3.須配合追蹤工作室IG，</div><div>後續也需要您配合讓我追蹤持久度🙏</div><div>4.新手上路，會盡全力避免前置去死皮時受傷，但若真的不小心用受傷會誠心道歉跟幫你上藥的！</div><div>5.不開放攜伴呦</div><div>⚠️完美主義者請繞道</div><div><br></div><div><div>需追蹤ig 且發限時動態tag</div><div>改時間請於三日內告知，如果遲到超過『10分鐘』便取消預約</div><div>配合拍照，以及後續追蹤</div><div>住家工作室，請勿攜伴，禁止飲食，可喝水</div><div>（除喝水外請勿拿下口罩唷）</div><div>請注意禮貌，已讀不回、態度不佳者一律取消</div><div><br></div><div>⚠️若近日和確診者有接觸，請先不要預約唷</div></div><div><br></div><div>以下附上近期作品</div><div><br></div><div><img src="https://localhost:44308/AnselLib/ArticleImage/40.png"></div>')
GO
SET IDENTITY_INSERT [dbo].[Article_Table] OFF
GO
SET IDENTITY_INSERT [dbo].[ArticleLike_Table] ON 
GO
INSERT [dbo].[ArticleLike_Table] ([articleLike_ID], [article_ID], [member_ID]) VALUES (2, 1, 3)
GO
INSERT [dbo].[ArticleLike_Table] ([articleLike_ID], [article_ID], [member_ID]) VALUES (3, 2, 3)
GO
INSERT [dbo].[ArticleLike_Table] ([articleLike_ID], [article_ID], [member_ID]) VALUES (4, 2, 1)
GO
INSERT [dbo].[ArticleLike_Table] ([articleLike_ID], [article_ID], [member_ID]) VALUES (5, 4, 1)
GO
INSERT [dbo].[ArticleLike_Table] ([articleLike_ID], [article_ID], [member_ID]) VALUES (6, 6, 2)
GO
INSERT [dbo].[ArticleLike_Table] ([articleLike_ID], [article_ID], [member_ID]) VALUES (7, 6, 1)
GO
INSERT [dbo].[ArticleLike_Table] ([articleLike_ID], [article_ID], [member_ID]) VALUES (8, 7, 3)
GO
INSERT [dbo].[ArticleLike_Table] ([articleLike_ID], [article_ID], [member_ID]) VALUES (9, 9, 1)
GO
INSERT [dbo].[ArticleLike_Table] ([articleLike_ID], [article_ID], [member_ID]) VALUES (10, 9, 3)
GO
INSERT [dbo].[ArticleLike_Table] ([articleLike_ID], [article_ID], [member_ID]) VALUES (11, 10, 4)
GO
INSERT [dbo].[ArticleLike_Table] ([articleLike_ID], [article_ID], [member_ID]) VALUES (12, 10, 1)
GO
INSERT [dbo].[ArticleLike_Table] ([articleLike_ID], [article_ID], [member_ID]) VALUES (13, 10, 2)
GO
INSERT [dbo].[ArticleLike_Table] ([articleLike_ID], [article_ID], [member_ID]) VALUES (14, 12, 1)
GO
INSERT [dbo].[ArticleLike_Table] ([articleLike_ID], [article_ID], [member_ID]) VALUES (15, 19, 4)
GO
INSERT [dbo].[ArticleLike_Table] ([articleLike_ID], [article_ID], [member_ID]) VALUES (16, 10, 3)
GO
INSERT [dbo].[ArticleLike_Table] ([articleLike_ID], [article_ID], [member_ID]) VALUES (17, 21, 6)
GO
INSERT [dbo].[ArticleLike_Table] ([articleLike_ID], [article_ID], [member_ID]) VALUES (19, 22, 6)
GO
INSERT [dbo].[ArticleLike_Table] ([articleLike_ID], [article_ID], [member_ID]) VALUES (20, 23, 6)
GO
INSERT [dbo].[ArticleLike_Table] ([articleLike_ID], [article_ID], [member_ID]) VALUES (21, 24, 6)
GO
INSERT [dbo].[ArticleLike_Table] ([articleLike_ID], [article_ID], [member_ID]) VALUES (22, 10, 6)
GO
INSERT [dbo].[ArticleLike_Table] ([articleLike_ID], [article_ID], [member_ID]) VALUES (23, 24, 1)
GO
INSERT [dbo].[ArticleLike_Table] ([articleLike_ID], [article_ID], [member_ID]) VALUES (24, 24, 2)
GO
INSERT [dbo].[ArticleLike_Table] ([articleLike_ID], [article_ID], [member_ID]) VALUES (25, 24, 3)
GO
SET IDENTITY_INSERT [dbo].[ArticleLike_Table] OFF
GO
SET IDENTITY_INSERT [dbo].[ArticlePic_Table] ON 
GO
INSERT [dbo].[ArticlePic_Table] ([artclePic_ID], [article_ID], [articlePic_Path]) VALUES (1, 2, N'wwwroot\AnselLib\ArticleImage\1.png')
GO
INSERT [dbo].[ArticlePic_Table] ([artclePic_ID], [article_ID], [articlePic_Path]) VALUES (2, 2, N'wwwroot\AnselLib\ArticleImage\2.png')
GO
INSERT [dbo].[ArticlePic_Table] ([artclePic_ID], [article_ID], [articlePic_Path]) VALUES (3, 1, N'wwwroot\AnselLib\ArticleImage\3.png')
GO
INSERT [dbo].[ArticlePic_Table] ([artclePic_ID], [article_ID], [articlePic_Path]) VALUES (4, 1, N'wwwroot\AnselLib\ArticleImage\4.png')
GO
INSERT [dbo].[ArticlePic_Table] ([artclePic_ID], [article_ID], [articlePic_Path]) VALUES (5, 1, N'wwwroot\AnselLib\ArticleImage\5.png')
GO
INSERT [dbo].[ArticlePic_Table] ([artclePic_ID], [article_ID], [articlePic_Path]) VALUES (6, 1, N'wwwroot\AnselLib\ArticleImage\6.png')
GO
INSERT [dbo].[ArticlePic_Table] ([artclePic_ID], [article_ID], [articlePic_Path]) VALUES (7, 1, N'wwwroot\AnselLib\ArticleImage\7.png')
GO
INSERT [dbo].[ArticlePic_Table] ([artclePic_ID], [article_ID], [articlePic_Path]) VALUES (8, 3, N'wwwroot\AnselLib\ArticleImage\8.png')
GO
INSERT [dbo].[ArticlePic_Table] ([artclePic_ID], [article_ID], [articlePic_Path]) VALUES (9, 4, N'wwwroot\AnselLib\ArticleImage\9.png')
GO
INSERT [dbo].[ArticlePic_Table] ([artclePic_ID], [article_ID], [articlePic_Path]) VALUES (10, 4, N'wwwroot\AnselLib\ArticleImage\10.png')
GO
INSERT [dbo].[ArticlePic_Table] ([artclePic_ID], [article_ID], [articlePic_Path]) VALUES (11, 6, N'wwwroot\AnselLib\ArticleImage\11.png')
GO
INSERT [dbo].[ArticlePic_Table] ([artclePic_ID], [article_ID], [articlePic_Path]) VALUES (12, 6, N'wwwroot\AnselLib\ArticleImage\12.png')
GO
INSERT [dbo].[ArticlePic_Table] ([artclePic_ID], [article_ID], [articlePic_Path]) VALUES (13, 6, N'wwwroot\AnselLib\ArticleImage\13.png')
GO
INSERT [dbo].[ArticlePic_Table] ([artclePic_ID], [article_ID], [articlePic_Path]) VALUES (14, 7, N'wwwroot\AnselLib\ArticleImage\14.png')
GO
INSERT [dbo].[ArticlePic_Table] ([artclePic_ID], [article_ID], [articlePic_Path]) VALUES (15, 7, N'wwwroot\AnselLib\ArticleImage\15.png')
GO
INSERT [dbo].[ArticlePic_Table] ([artclePic_ID], [article_ID], [articlePic_Path]) VALUES (16, 9, N'wwwroot\AnselLib\ArticleImage\16.png')
GO
INSERT [dbo].[ArticlePic_Table] ([artclePic_ID], [article_ID], [articlePic_Path]) VALUES (17, 9, N'wwwroot\AnselLib\ArticleImage\17.png')
GO
INSERT [dbo].[ArticlePic_Table] ([artclePic_ID], [article_ID], [articlePic_Path]) VALUES (18, 9, N'wwwroot\AnselLib\ArticleImage\18.png')
GO
INSERT [dbo].[ArticlePic_Table] ([artclePic_ID], [article_ID], [articlePic_Path]) VALUES (19, 10, N'wwwroot\AnselLib\ArticleImage\19.png')
GO
INSERT [dbo].[ArticlePic_Table] ([artclePic_ID], [article_ID], [articlePic_Path]) VALUES (20, 10, N'wwwroot\AnselLib\ArticleImage\20.png')
GO
INSERT [dbo].[ArticlePic_Table] ([artclePic_ID], [article_ID], [articlePic_Path]) VALUES (21, 11, N'wwwroot\AnselLib\ArticleImage\21.png')
GO
INSERT [dbo].[ArticlePic_Table] ([artclePic_ID], [article_ID], [articlePic_Path]) VALUES (22, 12, N'wwwroot\AnselLib\ArticleImage\22.png')
GO
INSERT [dbo].[ArticlePic_Table] ([artclePic_ID], [article_ID], [articlePic_Path]) VALUES (23, 12, N'wwwroot\AnselLib\ArticleImage\23.png')
GO
INSERT [dbo].[ArticlePic_Table] ([artclePic_ID], [article_ID], [articlePic_Path]) VALUES (24, 12, N'wwwroot\AnselLib\ArticleImage\24.png')
GO
INSERT [dbo].[ArticlePic_Table] ([artclePic_ID], [article_ID], [articlePic_Path]) VALUES (25, 13, N'wwwroot\AnselLib\ArticleImage\25.png')
GO
INSERT [dbo].[ArticlePic_Table] ([artclePic_ID], [article_ID], [articlePic_Path]) VALUES (26, 13, N'wwwroot\AnselLib\ArticleImage\26.png')
GO
INSERT [dbo].[ArticlePic_Table] ([artclePic_ID], [article_ID], [articlePic_Path]) VALUES (27, 15, N'wwwroot\AnselLib\ArticleImage\27.png')
GO
INSERT [dbo].[ArticlePic_Table] ([artclePic_ID], [article_ID], [articlePic_Path]) VALUES (28, 15, N'wwwroot\AnselLib\ArticleImage\28.png')
GO
INSERT [dbo].[ArticlePic_Table] ([artclePic_ID], [article_ID], [articlePic_Path]) VALUES (29, 15, N'wwwroot\AnselLib\ArticleImage\29.png')
GO
INSERT [dbo].[ArticlePic_Table] ([artclePic_ID], [article_ID], [articlePic_Path]) VALUES (30, 16, N'wwwroot\AnselLib\ArticleImage\30.png')
GO
INSERT [dbo].[ArticlePic_Table] ([artclePic_ID], [article_ID], [articlePic_Path]) VALUES (31, 16, N'wwwroot\AnselLib\ArticleImage\31.png')
GO
INSERT [dbo].[ArticlePic_Table] ([artclePic_ID], [article_ID], [articlePic_Path]) VALUES (32, 18, N'wwwroot\AnselLib\ArticleImage\32.png')
GO
INSERT [dbo].[ArticlePic_Table] ([artclePic_ID], [article_ID], [articlePic_Path]) VALUES (33, 18, N'wwwroot\AnselLib\ArticleImage\33.png')
GO
INSERT [dbo].[ArticlePic_Table] ([artclePic_ID], [article_ID], [articlePic_Path]) VALUES (34, 19, N'wwwroot\AnselLib\ArticleImage\34.png')
GO
INSERT [dbo].[ArticlePic_Table] ([artclePic_ID], [article_ID], [articlePic_Path]) VALUES (35, 19, N'wwwroot\AnselLib\ArticleImage\35.png')
GO
INSERT [dbo].[ArticlePic_Table] ([artclePic_ID], [article_ID], [articlePic_Path]) VALUES (36, 19, N'wwwroot\AnselLib\ArticleImage\36.png')
GO
INSERT [dbo].[ArticlePic_Table] ([artclePic_ID], [article_ID], [articlePic_Path]) VALUES (37, 21, N'wwwroot\AnselLib\ArticleImage\37.png')
GO
INSERT [dbo].[ArticlePic_Table] ([artclePic_ID], [article_ID], [articlePic_Path]) VALUES (38, 21, N'wwwroot\AnselLib\ArticleImage\38.png')
GO
INSERT [dbo].[ArticlePic_Table] ([artclePic_ID], [article_ID], [articlePic_Path]) VALUES (39, 21, N'wwwroot\AnselLib\ArticleImage\39.png')
GO
INSERT [dbo].[ArticlePic_Table] ([artclePic_ID], [article_ID], [articlePic_Path]) VALUES (40, 21, N'wwwroot\AnselLib\ArticleImage\40.png')
GO
SET IDENTITY_INSERT [dbo].[ArticlePic_Table] OFF
GO
SET IDENTITY_INSERT [dbo].[Reply_Table] ON 
GO
INSERT [dbo].[Reply_Table] ([reply_ID], [article_ID], [member_ID], [reply_Content], [reply_BuildTime], [reply_LastEdit], [reply_LikesCount]) VALUES (1, 1, 2, N'嗷嗷很美欸', CAST(N'2023-02-06T12:51:32.797' AS DateTime), CAST(N'2023-02-06T12:51:32.797' AS DateTime), 0)
GO
INSERT [dbo].[Reply_Table] ([reply_ID], [article_ID], [member_ID], [reply_Content], [reply_BuildTime], [reply_LastEdit], [reply_LikesCount]) VALUES (2, 1, 3, N'顏色超好看 手也超好看', CAST(N'2023-02-06T12:54:07.677' AS DateTime), CAST(N'2023-02-06T12:54:07.677' AS DateTime), 0)
GO
INSERT [dbo].[Reply_Table] ([reply_ID], [article_ID], [member_ID], [reply_Content], [reply_BuildTime], [reply_LastEdit], [reply_LikesCount]) VALUES (3, 2, 1, N'想看更多近照🥺', CAST(N'2023-02-06T12:54:58.267' AS DateTime), CAST(N'2023-02-06T12:54:58.267' AS DateTime), 0)
GO
INSERT [dbo].[Reply_Table] ([reply_ID], [article_ID], [member_ID], [reply_Content], [reply_BuildTime], [reply_LastEdit], [reply_LikesCount]) VALUES (4, 2, 3, N'好酷喔 好好看😍', CAST(N'2023-02-06T12:55:13.683' AS DateTime), CAST(N'2023-02-06T12:55:13.683' AS DateTime), 1)
GO
INSERT [dbo].[Reply_Table] ([reply_ID], [article_ID], [member_ID], [reply_Content], [reply_BuildTime], [reply_LastEdit], [reply_LikesCount]) VALUES (5, 2, 3, N'卡近照+1', CAST(N'2023-02-06T12:56:24.557' AS DateTime), CAST(N'2023-02-06T12:56:24.557' AS DateTime), 0)
GO
INSERT [dbo].[Reply_Table] ([reply_ID], [article_ID], [member_ID], [reply_Content], [reply_BuildTime], [reply_LastEdit], [reply_LikesCount]) VALUES (6, 4, 1, N'好漂亮哦', CAST(N'2023-02-06T13:01:59.473' AS DateTime), CAST(N'2023-02-06T13:01:59.473' AS DateTime), 1)
GO
INSERT [dbo].[Reply_Table] ([reply_ID], [article_ID], [member_ID], [reply_Content], [reply_BuildTime], [reply_LastEdit], [reply_LikesCount]) VALUES (7, 6, 1, N'+1', CAST(N'2023-02-06T13:14:40.910' AS DateTime), CAST(N'2023-02-06T13:14:40.910' AS DateTime), 0)
GO
INSERT [dbo].[Reply_Table] ([reply_ID], [article_ID], [member_ID], [reply_Content], [reply_BuildTime], [reply_LastEdit], [reply_LikesCount]) VALUES (8, 6, 2, N'+1', CAST(N'2023-02-06T13:15:06.053' AS DateTime), CAST(N'2023-02-06T13:15:06.053' AS DateTime), 0)
GO
INSERT [dbo].[Reply_Table] ([reply_ID], [article_ID], [member_ID], [reply_Content], [reply_BuildTime], [reply_LastEdit], [reply_LikesCount]) VALUES (9, 7, 4, N'+1', CAST(N'2023-02-06T13:22:50.547' AS DateTime), CAST(N'2023-02-06T13:22:50.547' AS DateTime), 0)
GO
INSERT [dbo].[Reply_Table] ([reply_ID], [article_ID], [member_ID], [reply_Content], [reply_BuildTime], [reply_LastEdit], [reply_LikesCount]) VALUES (10, 7, 3, N'+1', CAST(N'2023-02-06T13:23:05.483' AS DateTime), CAST(N'2023-02-06T13:23:05.483' AS DateTime), 0)
GO
INSERT [dbo].[Reply_Table] ([reply_ID], [article_ID], [member_ID], [reply_Content], [reply_BuildTime], [reply_LastEdit], [reply_LikesCount]) VALUES (11, 9, 1, N'+1', CAST(N'2023-02-06T13:31:48.960' AS DateTime), CAST(N'2023-02-06T13:31:48.960' AS DateTime), 0)
GO
INSERT [dbo].[Reply_Table] ([reply_ID], [article_ID], [member_ID], [reply_Content], [reply_BuildTime], [reply_LastEdit], [reply_LikesCount]) VALUES (12, 9, 3, N'+1', CAST(N'2023-02-06T13:32:03.160' AS DateTime), CAST(N'2023-02-06T13:32:03.160' AS DateTime), 0)
GO
INSERT [dbo].[Reply_Table] ([reply_ID], [article_ID], [member_ID], [reply_Content], [reply_BuildTime], [reply_LastEdit], [reply_LikesCount]) VALUES (13, 9, 3, N'+1', CAST(N'2023-02-06T13:32:08.097' AS DateTime), CAST(N'2023-02-06T13:32:08.097' AS DateTime), 0)
GO
INSERT [dbo].[Reply_Table] ([reply_ID], [article_ID], [member_ID], [reply_Content], [reply_BuildTime], [reply_LastEdit], [reply_LikesCount]) VALUES (14, 9, 4, N'+1', CAST(N'2023-02-06T13:32:43.857' AS DateTime), CAST(N'2023-02-06T13:32:43.857' AS DateTime), 0)
GO
INSERT [dbo].[Reply_Table] ([reply_ID], [article_ID], [member_ID], [reply_Content], [reply_BuildTime], [reply_LastEdit], [reply_LikesCount]) VALUES (15, 10, 3, N'+1', CAST(N'2023-02-06T13:38:57.453' AS DateTime), CAST(N'2023-02-06T13:38:57.453' AS DateTime), 0)
GO
INSERT [dbo].[Reply_Table] ([reply_ID], [article_ID], [member_ID], [reply_Content], [reply_BuildTime], [reply_LastEdit], [reply_LikesCount]) VALUES (16, 10, 1, N'+1', CAST(N'2023-02-06T13:39:12.270' AS DateTime), CAST(N'2023-02-06T13:39:12.270' AS DateTime), 0)
GO
INSERT [dbo].[Reply_Table] ([reply_ID], [article_ID], [member_ID], [reply_Content], [reply_BuildTime], [reply_LastEdit], [reply_LikesCount]) VALUES (17, 10, 2, N'+1', CAST(N'2023-02-06T13:40:06.797' AS DateTime), CAST(N'2023-02-06T13:40:06.797' AS DateTime), 0)
GO
INSERT [dbo].[Reply_Table] ([reply_ID], [article_ID], [member_ID], [reply_Content], [reply_BuildTime], [reply_LastEdit], [reply_LikesCount]) VALUES (18, 12, 1, N'+1', CAST(N'2023-02-06T14:00:18.823' AS DateTime), CAST(N'2023-02-06T14:00:18.823' AS DateTime), 0)
GO
INSERT [dbo].[Reply_Table] ([reply_ID], [article_ID], [member_ID], [reply_Content], [reply_BuildTime], [reply_LastEdit], [reply_LikesCount]) VALUES (20, 10, 6, N'作品很漂亮!', CAST(N'2023-02-07T02:20:58.670' AS DateTime), CAST(N'2023-02-07T02:20:58.670' AS DateTime), 1)
GO
INSERT [dbo].[Reply_Table] ([reply_ID], [article_ID], [member_ID], [reply_Content], [reply_BuildTime], [reply_LastEdit], [reply_LikesCount]) VALUES (21, 24, 1, N'+1', CAST(N'2023-02-07T02:22:56.177' AS DateTime), CAST(N'2023-02-07T02:22:56.177' AS DateTime), 1)
GO
INSERT [dbo].[Reply_Table] ([reply_ID], [article_ID], [member_ID], [reply_Content], [reply_BuildTime], [reply_LastEdit], [reply_LikesCount]) VALUES (22, 24, 2, N'+1', CAST(N'2023-02-07T02:26:27.713' AS DateTime), CAST(N'2023-02-07T02:26:27.713' AS DateTime), 1)
GO
INSERT [dbo].[Reply_Table] ([reply_ID], [article_ID], [member_ID], [reply_Content], [reply_BuildTime], [reply_LastEdit], [reply_LikesCount]) VALUES (23, 24, 3, N'+1', CAST(N'2023-02-07T02:28:16.087' AS DateTime), CAST(N'2023-02-07T02:28:16.087' AS DateTime), 1)
GO
INSERT [dbo].[Reply_Table] ([reply_ID], [article_ID], [member_ID], [reply_Content], [reply_BuildTime], [reply_LastEdit], [reply_LikesCount]) VALUES (24, 24, 4, N'Hello, AKO顏料非常好用哦，可以找我代購~', CAST(N'2023-02-07T02:29:42.317' AS DateTime), CAST(N'2023-02-07T02:29:42.317' AS DateTime), 0)
GO
INSERT [dbo].[Reply_Table] ([reply_ID], [article_ID], [member_ID], [reply_Content], [reply_BuildTime], [reply_LastEdit], [reply_LikesCount]) VALUES (25, 24, 4, N'Hello, AKO顏料非常好用哦，可以找我代購~', CAST(N'2023-02-07T06:07:55.747' AS DateTime), CAST(N'2023-02-07T06:07:55.747' AS DateTime), 0)
GO
INSERT [dbo].[Reply_Table] ([reply_ID], [article_ID], [member_ID], [reply_Content], [reply_BuildTime], [reply_LastEdit], [reply_LikesCount]) VALUES (26, 24, 4, N'Hello, AKO顏料非常好用哦，可以找我代購~', CAST(N'2023-02-07T07:04:42.743' AS DateTime), CAST(N'2023-02-07T07:04:42.743' AS DateTime), 0)
GO
INSERT [dbo].[Reply_Table] ([reply_ID], [article_ID], [member_ID], [reply_Content], [reply_BuildTime], [reply_LastEdit], [reply_LikesCount]) VALUES (27, 24, 4, N'Hello, AKO顏料非常好用哦，可以找我代購~', CAST(N'2023-02-07T07:08:08.993' AS DateTime), CAST(N'2023-02-07T07:08:08.993' AS DateTime), 0)
GO
SET IDENTITY_INSERT [dbo].[Reply_Table] OFF
GO
SET IDENTITY_INSERT [dbo].[ReplyLike_Table] ON 
GO
INSERT [dbo].[ReplyLike_Table] ([replyLike_ID], [reply_ID], [member_ID]) VALUES (1, 4, 3)
GO
INSERT [dbo].[ReplyLike_Table] ([replyLike_ID], [reply_ID], [member_ID]) VALUES (2, 6, 3)
GO
INSERT [dbo].[ReplyLike_Table] ([replyLike_ID], [reply_ID], [member_ID]) VALUES (3, 20, 6)
GO
INSERT [dbo].[ReplyLike_Table] ([replyLike_ID], [reply_ID], [member_ID]) VALUES (13, 21, 6)
GO
INSERT [dbo].[ReplyLike_Table] ([replyLike_ID], [reply_ID], [member_ID]) VALUES (14, 22, 6)
GO
INSERT [dbo].[ReplyLike_Table] ([replyLike_ID], [reply_ID], [member_ID]) VALUES (15, 23, 6)
GO
SET IDENTITY_INSERT [dbo].[ReplyLike_Table] OFF
GO
